"Sistema Nacional de Información Estadística y Geográfica",
"Catálogo Nacional de Indicadores",
"Fecha de consulta: 21/04/2026 23:42:06",

"Nombre del Indicador Clave: Tasa de absorción en educación media superior",
"Definición: Es el porcentaje de alumnos de nuevo ingreso a primer grado de un nivel educativo respecto a los alumnos egresados del nivel educativo precedente en el ciclo inmediato anterior.",
"Cobertura geográfica: Nacional y Estatal.",
"Cobertura temporal: A partir del año 2000.",
"Unidad de medida: Porcentaje de alumnos",
"Periodicidad: Anual",


"Entidad federativa","2000","2001","2002","2003","2004","2005","2006","2007","2008","2009","2010","2011","2012","2013","2014","2015","2016","2017","2018","2019","2020","2021","2022","2023","2024",
"Nacional","93.28186","96.43731","95.43339","96.55931","96.01072","95.29721","95.55211","95.44248","96.87502","96.43844","96.65275","99.46196","100.92205","105.63149","104.32222","105.74895","104.12796","104.47977","106.28939","102.07709","91.13272","90.30321","100.20940","103.58213","102.44172"
"Aguascalientes","88.52790","93.36648","99.30041","96.22980","95.90984","90.31398","93.85980","94.98760","93.95619","93.59357","91.03567","95.77808","90.72526","93.85712","97.02924","109.85489","109.22718","108.42926","110.09794","107.42814","94.81856","93.96746","100.66295","102.05335","103.20856"
"Baja California","81.34945","103.75246","97.52653","98.31305","98.73942","101.90090","100.88639","104.04515","107.58030","106.20320","104.45393","104.84269","110.16716","112.14727","110.48414","115.21908","110.11190","114.24423","114.86537","107.97242","98.98420","92.40864","100.00332","103.29488","104.22116"
"Baja California Sur","112.36029","119.49865","107.14856","116.18177","119.72093","118.33969","113.74711","114.27307","109.74079","108.26321","110.98913","105.72814","100.59019","109.43769","120.24033","111.24825","114.43513","111.86824","110.24771","108.49797","95.55790","97.30913","106.59030","103.58079","103.36839"
"Campeche","102.25314","114.47627","111.41058","109.66881","109.96959","108.97758","107.98161","103.27099","104.12155","102.32286","107.87053","105.59119","104.34992","110.58484","112.56043","106.37559","124.17513","105.62715","107.41994","107.71075","99.46308","94.07233","107.06252","105.99606","103.98904"
"Coahuila de Zaragoza","105.58644","100.65451","103.09620","101.13441","91.21828","97.05063","99.09683","121.70680","97.29512","94.84527","99.78447","111.57655","110.60628","117.59073","90.30365","117.11487","111.56646","105.24775","113.26961","110.41702","98.38310","97.58192","103.87456","107.44132","104.59290"
"Colima","98.46473","97.65233","92.56811","102.96818","94.79609","100.79270","91.28832","91.11215","91.86465","103.22641","105.80772","107.62327","111.89941","130.35694","109.38288","121.61438","104.41695","127.55772","123.75065","120.47237","101.43043","110.39223","125.03119","117.04825","114.84096"
"Chiapas","97.47594","92.98681","94.47953","88.20655","94.74367","88.31572","84.87816","90.31662","94.97253","98.69995","98.34558","94.03738","97.97366","102.30362","93.52887","99.25162","106.20753","94.25463","95.12870","89.46304","82.01073","82.11476","88.96010","90.59101","89.02396"
"Chihuahua","109.76861","113.76591","114.32933","115.64666","110.88235","108.45732","107.16548","107.73069","108.23008","105.21389","111.98901","113.52887","117.54279","112.59698","113.14156","113.85061","112.37652","113.73603","109.84605","107.18685","96.63226","94.87305","101.30502","103.20865","102.85465"
"Ciudad de México","119.50054","135.55052","112.76363","116.80864","121.23522","124.73888","125.67001","126.82457","137.53720","136.92372","125.78220","130.40276","133.43353","145.65202","123.69722","148.15483","124.87890","138.88738","133.03441","130.41960","122.20207","121.64410","127.00699","130.76669","134.59765"
"Durango","101.86419","103.16027","104.40934","103.74291","102.92748","107.45885","105.87319","103.33644","108.30203","99.75690","104.11382","111.30506","117.32584","124.03204","124.08024","126.25370","117.51882","109.96128","117.30301","111.66033","102.00135","102.56143","108.92242","108.89529","106.34921"
"Guanajuato","90.09276","85.60311","90.14573","86.01694","80.37794","83.02074","87.84345","84.85036","85.98103","86.38601","87.73320","90.55492","92.72704","99.97223","98.81128","101.89587","99.50810","98.84381","101.80005","98.76864","91.23854","91.91745","96.90901","99.99478","98.15355"
"Guerrero","98.63474","92.17681","97.83130","94.88901","98.50311","89.00623","87.19362","82.68115","83.80789","84.38982","86.67921","83.79729","85.48035","88.68749","92.16332","92.54659","91.79069","92.79600","90.21880","90.15711","83.03849","84.16435","92.69445","94.54086","92.39461"
"Hidalgo","78.85221","81.61972","84.72815","86.39017","89.55055","84.84443","84.28467","84.71158","86.31921","86.06423","87.63519","92.04763","94.76540","97.98009","103.37903","102.31263","101.66153","104.18179","102.41578","102.17327","92.39873","90.49831","99.37873","101.02058","99.78452"
"Jalisco","88.93102","84.97288","86.67097","84.44572","83.66523","84.81590","87.95901","84.69114","90.46269","92.00061","82.42955","104.56631","94.56245","92.18406","111.98819","102.26553","102.98212","99.46107","122.74602","95.80307","73.46679","67.75734","92.10316","105.54657","105.10930"
"México","78.49445","81.00885","84.00637","83.82369","84.39910","82.63183","83.13005","82.07293","84.86960","85.16303","88.54476","89.95695","92.62748","93.73063","94.28431","91.46216","91.75570","96.83142","96.17214","95.79739","86.71864","85.01874","93.81539","95.31106","95.36560"
"Michoacán de Ocampo","79.67172","82.36325","82.79370","84.52582","80.04269","88.30446","89.41066","86.57201","86.57201","88.26093","99.74512","99.49973","102.24153","111.94220","117.01757","96.93229","114.73049","114.24266","110.28901","106.30915","93.82344","93.50988","108.16376","108.31564","106.30380"
"Morelos","90.63099","90.95559","101.62335","104.27739","101.03734","100.57165","115.94457","103.42124","108.46041","103.98352","100.59498","97.84485","101.95839","109.10267","99.35160","132.53249","105.68218","114.98073","116.14991","107.10874","90.56727","90.48551","105.42416","108.64582","105.02156"
"Nayarit","85.22677","90.90965","89.46489","91.48150","94.31751","97.18414","101.77202","97.84586","94.93302","101.15593","94.22531","87.84527","97.28704","103.72314","104.78996","117.60261","109.10189","116.27115","115.87915","114.60674","104.79305","101.88862","110.01290","121.18338","111.17860"
"Nuevo León","96.60484","105.14752","96.75887","108.80278","108.59812","104.84803","108.38547","103.58407","110.46583","111.42111","108.56812","105.57005","110.00186","110.62180","112.02492","109.62031","103.65338","101.18759","105.19534","99.34825","86.61079","85.39104","97.54234","100.99717","96.87626"
"Oaxaca","84.41205","86.90853","91.09881","97.23907","92.45290","83.67556","83.67556","84.24902","87.85448","81.12159","80.00500","84.87341","85.45313","92.52768","93.52366","78.91668","89.15456","93.79079","86.79102","86.40612","77.28187","79.27609","92.52451","90.02256","89.37464"
"Puebla","82.20442","90.09910","88.71745","91.73466","90.70528","92.05798","95.18591","92.46800","94.74611","94.46256","99.00823","101.61092","106.80188","104.94912","103.23411","102.47474","103.02147","99.49616","101.06494","100.76664","89.25081","93.26354","102.02754","102.81444","100.49033"
"Querétaro","93.44397","101.52419","91.17001","94.25317","92.44055","92.31378","91.84072","92.49748","88.91976","88.97123","93.21404","97.18522","100.95531","107.30073","110.90781","105.97932","104.15423","102.16069","104.53055","102.58011","93.34864","89.35738","100.38148","102.56305","101.06510"
"Quintana Roo","106.97851","105.38474","103.96378","106.57613","106.61918","110.04083","103.69783","102.36810","102.37216","96.67872","95.04796","99.08316","98.87085","109.07612","111.48621","109.61483","104.22708","102.19995","102.15408","103.85373","92.73330","90.48637","104.96194","103.79390","104.22062"
"San Luis Potosí","72.35889","79.38975","80.80546","83.58789","82.82705","84.21537","84.40887","85.02364","86.42230","85.45304","87.99441","91.93594","94.80891","98.02642","98.44304","95.67156","93.70208","90.35856","94.53544","90.55195","82.85254","84.15586","92.85417","92.92081","91.55522"
"Sinaloa","120.24170","113.69321","112.18004","115.35349","116.32569","111.56741","107.91343","106.36719","110.10038","107.73306","103.20273","108.77565","106.56094","114.99780","116.16649","113.01530","114.30797","112.09156","115.94424","114.59030","104.81384","101.54659","110.17325","111.33995","109.78147"
"Sonora","111.49173","110.38537","110.71859","108.92166","111.34369","114.63965","106.54697","101.62432","97.36992","95.50118","99.86510","103.81301","97.58191","98.78407","100.62510","101.35269","105.00964","103.98219","100.41756","100.00221","89.90756","88.11661","94.87966","100.44333","99.74458"
"Tabasco","103.06930","100.02402","98.08329","97.96868","99.70805","102.37966","103.97262","101.75081","103.86728","101.35798","102.45311","101.12788","102.68367","106.49738","107.88974","109.34456","104.79743","103.37509","106.72210","103.38054","94.60178","94.85935","102.57423","100.11957","97.63805"
"Tamaulipas","96.09101","102.43250","106.52414","108.98582","104.68159","99.47281","98.17256","109.25688","92.37227","93.42859","96.54332","102.26344","109.99186","104.58358","100.98189","111.38963","108.91857","115.32548","112.12181","110.16178","93.72183","90.89097","102.24135","104.80327","104.02459"
"Tlaxcala","89.27600","90.33363","89.42325","106.16569","98.11882","89.11089","85.15070","88.87038","88.86616","91.18205","94.02319","95.93235","96.57295","99.55625","98.14337","98.60536","96.38182","96.18311","95.21357","91.39413","86.93349","88.40471","96.01153","98.73910","96.43581"
"Veracruz de Ignacio de la Llave","89.53512","95.57656","98.43975","98.08497","96.41262","95.16457","94.84064","94.53757","94.29683","92.11094","90.50742","90.38261","88.88009","102.08405","99.18141","102.94600","99.70649","98.90215","105.06722","98.53649","84.02558","86.86802","95.16302","111.21127","109.61239"
"Yucatán","100.15159","103.25187","103.70927","104.51441","104.50343","99.66796","99.82283","101.35140","104.22649","102.45844","103.15854","96.71930","98.34329","123.04727","117.15962","113.63883","112.70319","108.65017","111.30023","107.79538","97.74633","96.39922","109.11894","109.87499","106.60086"
"Zacatecas","71.36417","78.80119","76.90076","80.50771","80.77756","80.51240","79.63735","91.75942","86.00951","88.18864","89.03028","92.82653","89.36307","101.95706","101.25683","104.58282","97.11519","97.75357","100.97008","98.43492","89.16409","85.64018","94.23178","95.32590","93.29802"

"Nota: Cifras revisadas a partir de: 2015  El indicador es sensible a la migración de la población, es decir, puede alcanzar cifras mayores a 100% si se inscriben como nuevo ingreso alumnos provenientes de entidades federativas vecinas.",
"Responsable: SEP.  Dirección General de Planeación, Programación y Estadística Educativa.",
"Fuente: SEP.   Sistema de Estadísticas Continuas de Educación del Formato 911.  ",
